Topic,Timestamp,Data
/aruco_detection,1722476139196179622,True
/aruco_detection,1722476139219392247,True
/aruco_detection,1722476139243763283,True
/aruco_detection,1722476139267968882,True
/aruco_detection,1722476139293587255,True
/aruco_detection,1722476139319101470,True
/aruco_detection,1722476139344675876,False
/aruco_detection,1722476139368543337,False
/aruco_detection,1722476139393615032,True
/aruco_detection,1722476139417446942,False
/aruco_detection,1722476139444107823,True
/aruco_detection,1722476139469222429,True
/aruco_detection,1722476139493894516,True
/aruco_detection,1722476139520324522,True
/aruco_detection,1722476139544346476,True
/aruco_detection,1722476139568240369,True
/aruco_detection,1722476139592810825,True
/aruco_detection,1722476139618209714,True
/aruco_detection,1722476139644198960,True
/aruco_detection,1722476139667871225,True
/aruco_detection,1722476139694497579,True
/aruco_detection,1722476139722248264,True
/aruco_detection,1722476139747650865,True
/aruco_detection,1722476139774848857,True
/aruco_detection,1722476139798089545,True
/aruco_detection,1722476139818008792,True
/aruco_detection,1722476139843505183,True
/aruco_detection,1722476139868715243,True
/aruco_detection,1722476139893285988,True
/aruco_detection,1722476139918574063,True
/aruco_detection,1722476139943070120,True
/aruco_detection,1722476139967840765,True
/aruco_detection,1722476139993217606,False
/aruco_detection,1722476140019878072,True
/aruco_detection,1722476140042854768,False
/aruco_detection,1722476140068607987,True
/aruco_detection,1722476140092822547,True
/aruco_detection,1722476140120418805,True
/aruco_detection,1722476140144133887,True
/aruco_detection,1722476140167649196,True
/aruco_detection,1722476140192426754,True
/aruco_detection,1722476140218806362,True
/aruco_detection,1722476140242695776,True
/aruco_detection,1722476140270144356,True
/aruco_detection,1722476140292555590,True
/aruco_detection,1722476140320119496,True
/aruco_detection,1722476140344349288,True
/aruco_detection,1722476140367810134,True
/aruco_detection,1722476140392625099,True
/aruco_detection,1722476140418720969,True
/aruco_detection,1722476140442927113,True
/aruco_detection,1722476140467918331,True
/aruco_detection,1722476140494569326,True
/aruco_detection,1722476140518017116,True
/aruco_detection,1722476140544648976,True
/aruco_detection,1722476140569524804,True
/aruco_detection,1722476140592808437,True
/aruco_detection,1722476140619872833,True
/aruco_detection,1722476140643416750,True
/aruco_detection,1722476140670542392,True
/aruco_detection,1722476140692972825,True
/aruco_detection,1722476140718348260,True
/aruco_detection,1722476140743554674,True
/aruco_detection,1722476140768807711,True
/aruco_detection,1722476140793605844,True
/aruco_detection,1722476140818117103,True
/aruco_detection,1722476140844561766,True
/aruco_detection,1722476140869433562,True
/aruco_detection,1722476140894306638,True
/aruco_detection,1722476140918966022,True
/aruco_detection,1722476140944092949,True
/aruco_detection,1722476140969870904,True
/aruco_detection,1722476140993878365,True
/aruco_detection,1722476141019903100,True
/aruco_detection,1722476141045548611,True
/aruco_detection,1722476141070378105,True
/aruco_detection,1722476141093909191,True
/aruco_detection,1722476141120207330,True
/aruco_detection,1722476141146385152,True
/aruco_detection,1722476141169882958,True
/aruco_detection,1722476141193359677,True
/aruco_detection,1722476141219901108,True
/aruco_detection,1722476141243951704,True
/aruco_detection,1722476141268023069,True
/aruco_detection,1722476141294609618,True
/aruco_detection,1722476141319918336,True
/aruco_detection,1722476141345886497,True
/aruco_detection,1722476141371719652,True
/aruco_detection,1722476141394368067,True
/aruco_detection,1722476141419421365,True
/aruco_detection,1722476141444907391,True
/aruco_detection,1722476141469192959,True
/aruco_detection,1722476141493951990,True
/aruco_detection,1722476141520207890,True
/aruco_detection,1722476141543756320,True
/aruco_detection,1722476141568716596,True
/aruco_detection,1722476141594255325,True
/aruco_detection,1722476141619781574,True
/aruco_detection,1722476141644839576,True
/aruco_detection,1722476141669799276,True
/aruco_detection,1722476141693512502,True
/aruco_detection,1722476141719011264,True
/aruco_detection,1722476141745039360,True
/aruco_detection,1722476141770425708,True
/aruco_detection,1722476141794842634,True
/aruco_detection,1722476141822382382,True
/aruco_detection,1722476141844595156,True
/aruco_detection,1722476141869239086,True
/aruco_detection,1722476141894583354,True
/aruco_detection,1722476141919409233,True
/aruco_detection,1722476141944968409,True
/aruco_detection,1722476141969408247,True
/aruco_detection,1722476141994205965,True
/aruco_detection,1722476142019958259,True
/aruco_detection,1722476142044463089,True
/aruco_detection,1722476142068800721,True
/aruco_detection,1722476142094593047,True
/aruco_detection,1722476142119307441,True
/aruco_detection,1722476142144601504,False
/aruco_detection,1722476142169622452,True
/aruco_detection,1722476142194233903,True
/aruco_detection,1722476142217598562,False
/aruco_detection,1722476142242680885,False
/aruco_detection,1722476142268720182,False
/aruco_detection,1722476142292890010,False
/aruco_detection,1722476142319971112,False
/aruco_detection,1722476142344116844,False
/aruco_detection,1722476142368487084,False
/aruco_detection,1722476142392611856,False
/aruco_detection,1722476142418033213,False
/aruco_detection,1722476142445298824,False
/aruco_detection,1722476142468071717,False
/aruco_detection,1722476142493333589,False
/aruco_detection,1722476142518985821,False
/aruco_detection,1722476142542792135,False
/aruco_detection,1722476142569794359,False
/aruco_detection,1722476142592628083,False
/aruco_detection,1722476142617705862,False
/aruco_detection,1722476142645556422,False
/aruco_detection,1722476142668897145,False
/aruco_detection,1722476142693057213,False
/aruco_detection,1722476142718590151,False
/aruco_detection,1722476142743547644,False
/aruco_detection,1722476142768301365,False
/aruco_detection,1722476142793020367,False
/aruco_detection,1722476142818071746,False
/aruco_detection,1722476142845036723,True
/aruco_detection,1722476142868248232,True
/aruco_detection,1722476142894323848,True
/aruco_detection,1722476142920103119,True
/aruco_detection,1722476142944245619,True
/aruco_detection,1722476142970676493,True
/aruco_detection,1722476142993685478,True
/aruco_detection,1722476143019626474,True
/aruco_detection,1722476143045252052,True
/aruco_detection,1722476143070519365,True
/aruco_detection,1722476143093424705,True
/aruco_detection,1722476143119039628,True
/aruco_detection,1722476143143362030,True
/aruco_detection,1722476143168321252,True
/aruco_detection,1722476143193452280,True
/aruco_detection,1722476143220110415,True
/aruco_detection,1722476143244621262,True
/aruco_detection,1722476143268837842,True
/aruco_detection,1722476143293402736,True
/aruco_detection,1722476143318606018,True
/aruco_detection,1722476143343834707,True
/aruco_detection,1722476143369353312,True
/aruco_detection,1722476143393713441,True
/aruco_detection,1722476143418210048,True
/aruco_detection,1722476143443240085,True
/aruco_detection,1722476143467902449,True
/aruco_detection,1722476143492695499,True
/aruco_detection,1722476143521464860,True
/aruco_detection,1722476143544195771,True
/aruco_detection,1722476143569323246,True
/aruco_detection,1722476143593411797,True
/aruco_detection,1722476143619940815,True
/aruco_detection,1722476143643670460,True
/aruco_detection,1722476143668055549,True
/aruco_detection,1722476143693326190,True
/aruco_detection,1722476143718205190,True
/aruco_detection,1722476143747353423,True
/aruco_detection,1722476143769228510,True
/aruco_detection,1722476143792846797,True
/aruco_detection,1722476143818974095,True
/aruco_detection,1722476143844728183,True
/aruco_detection,1722476143868871420,True
/aruco_detection,1722476143893491097,True
/aruco_detection,1722476143918528654,True
/aruco_detection,1722476143944182648,True
/aruco_detection,1722476143968038850,True
/aruco_detection,1722476143993671693,True
/aruco_detection,1722476144018452135,True
/aruco_detection,1722476144043962613,True
/aruco_detection,1722476144068735728,True
/aruco_detection,1722476144093401389,True
/aruco_detection,1722476144119099992,True
/aruco_detection,1722476144144847233,True
/aruco_detection,1722476144169850968,True
/aruco_detection,1722476144193657189,True
/aruco_detection,1722476144218520831,True
/aruco_detection,1722476144243397752,True
/aruco_detection,1722476144268030358,True
/aruco_detection,1722476144293830942,True
/aruco_detection,1722476144318246400,True
/aruco_detection,1722476144346768951,True
/aruco_detection,1722476144369180061,True
/aruco_detection,1722476144393663710,True
/aruco_detection,1722476144418887985,True
/aruco_detection,1722476144445198640,True
/aruco_detection,1722476144469108155,True
/aruco_detection,1722476144494349261,True
/aruco_detection,1722476144518441717,True
/aruco_detection,1722476144546073052,True
/aruco_detection,1722476144567662225,False
/aruco_detection,1722476144594798689,True
/aruco_detection,1722476144619877559,True
/aruco_detection,1722476144644836879,True
/aruco_detection,1722476144668953814,True
/aruco_detection,1722476144694136170,True
/aruco_detection,1722476144718195826,True
/aruco_detection,1722476144744359860,True
/aruco_detection,1722476144769429610,True
/aruco_detection,1722476144793643535,True
/aruco_detection,1722476144818952545,True
/aruco_detection,1722476144843411426,True
/aruco_detection,1722476144870742222,True
/aruco_detection,1722476144894325855,True
/aruco_detection,1722476144918633731,True
/aruco_detection,1722476144945009025,True
/aruco_detection,1722476144968944875,True
/aruco_detection,1722476144995343017,True
/aruco_detection,1722476145019714156,True
/aruco_detection,1722476145045045695,True
/aruco_detection,1722476145071105796,True
/aruco_detection,1722476145093919140,True
/aruco_detection,1722476145118332807,True
/aruco_detection,1722476145144058898,True
/aruco_detection,1722476145168904717,True
/aruco_detection,1722476145195000786,True
/aruco_detection,1722476145218237130,True
/aruco_detection,1722476145244697864,True
/aruco_detection,1722476145269607778,True
/aruco_detection,1722476145293448336,True
/aruco_detection,1722476145318577222,True
/aruco_detection,1722476145346060529,True
/aruco_detection,1722476145369080845,True
/aruco_detection,1722476145393406130,True
/aruco_detection,1722476145417572697,False
/aruco_detection,1722476145444382257,True
/aruco_detection,1722476145469266539,True
/aruco_detection,1722476145493538033,True
/aruco_detection,1722476145519374042,True
/aruco_detection,1722476145543209960,False
/aruco_detection,1722476145569576327,True
/aruco_detection,1722476145594100232,True
/aruco_detection,1722476145618929252,True
/aruco_detection,1722476145646541805,True
/aruco_detection,1722476145668909109,True
/aruco_detection,1722476145693547316,True
/aruco_detection,1722476145718153524,True
/aruco_detection,1722476145745069577,True
/aruco_detection,1722476145768839576,True
/aruco_detection,1722476145793437112,True
/aruco_detection,1722476145821961424,True
/aruco_detection,1722476145845207112,True
/aruco_detection,1722476145869162324,True
/aruco_detection,1722476145895281016,True
/aruco_detection,1722476145919247939,True
/aruco_detection,1722476145944437368,True
/aruco_detection,1722476145968428098,True
/aruco_detection,1722476145994153166,True
/aruco_detection,1722476146018790029,True
/aruco_detection,1722476146044765525,True
/aruco_detection,1722476146068816224,True
/aruco_detection,1722476146093380098,True
/aruco_detection,1722476146118720373,True
/aruco_detection,1722476146146889270,True
/aruco_detection,1722476146168519116,True
/aruco_detection,1722476146193798657,True
/aruco_detection,1722476146219332945,True
/aruco_detection,1722476146244491240,True
/aruco_detection,1722476146268071035,True
/aruco_detection,1722476146293420399,True
/aruco_detection,1722476146318366345,True
/aruco_detection,1722476146344367793,True
/aruco_detection,1722476146368231679,True
/aruco_detection,1722476146394722366,True
/aruco_detection,1722476146418884711,True
/aruco_detection,1722476146442817940,False
/aruco_detection,1722476146470472221,True
/aruco_detection,1722476146492875494,True
/aruco_detection,1722476146519329157,True
/aruco_detection,1722476146545350285,True
/aruco_detection,1722476146569862767,True
/aruco_detection,1722476146594349554,True
/aruco_detection,1722476146619870050,True
/aruco_detection,1722476146644588641,True
/aruco_detection,1722476146669082692,True
/aruco_detection,1722476146694602804,True
/aruco_detection,1722476146719528911,True
/aruco_detection,1722476146744680486,True
/aruco_detection,1722476146768201819,True
/aruco_detection,1722476146794942901,True
/aruco_detection,1722476146819604629,True
/aruco_detection,1722476146843355333,True
/aruco_detection,1722476146868553051,True
/aruco_detection,1722476146892794915,False
/aruco_detection,1722476146918590862,False
/aruco_detection,1722476146943306125,False
/aruco_detection,1722476146968402181,True
/aruco_detection,1722476146994214256,True
/aruco_detection,1722476147020602641,True
/aruco_detection,1722476147044623070,True
/aruco_detection,1722476147070569512,True
/aruco_detection,1722476147093030193,True
/aruco_detection,1722476147117402679,False
/aruco_detection,1722476147142387090,False
/aruco_detection,1722476147170231098,True
/aruco_detection,1722476147194344549,True
/aruco_detection,1722476147219863574,True
/aruco_detection,1722476147244785331,True
/aruco_detection,1722476147268900926,True
/aruco_detection,1722476147294587532,True
/aruco_detection,1722476147318322942,True
/aruco_detection,1722476147344378246,True
/aruco_detection,1722476147369091366,True
/aruco_detection,1722476147394868723,True
/aruco_detection,1722476147417923665,True
/aruco_detection,1722476147443992377,True
/aruco_detection,1722476147469613609,True
/aruco_detection,1722476147492919811,True
/aruco_detection,1722476147517750657,False
/aruco_detection,1722476147545869571,True
/aruco_detection,1722476147568432554,True
/aruco_detection,1722476147593029485,True
/aruco_detection,1722476147617903594,True
/aruco_detection,1722476147644275916,True
/aruco_detection,1722476147669437860,True
/aruco_detection,1722476147694507102,True
/aruco_detection,1722476147720844193,True
/aruco_detection,1722476147743883647,True
/aruco_detection,1722476147769975654,True
/aruco_detection,1722476147794054866,True
/aruco_detection,1722476147819247017,True
/aruco_detection,1722476147846789046,True
/aruco_detection,1722476147870094608,True
/aruco_detection,1722476147893400586,True
/aruco_detection,1722476147917707217,False
/aruco_detection,1722476147944133490,False
/aruco_detection,1722476147969171085,True
/aruco_detection,1722476147993882285,False
/aruco_detection,1722476148018830186,True
/aruco_detection,1722476148043843334,True
/aruco_detection,1722476148071588912,True
/aruco_detection,1722476148093447302,True
/aruco_detection,1722476148118467009,True
/aruco_detection,1722476148144002132,False
/aruco_detection,1722476148168680630,True
/aruco_detection,1722476148195360660,True
/aruco_detection,1722476148217662273,True
/aruco_detection,1722476148243251283,False
/aruco_detection,1722476148269421082,True
/aruco_detection,1722476148296151671,False
/aruco_detection,1722476148319399123,True
/aruco_detection,1722476148345658713,True
/aruco_detection,1722476148370007841,True
/aruco_detection,1722476148394380744,True
/aruco_detection,1722476148418476245,True
/aruco_detection,1722476148444561694,True
/aruco_detection,1722476148468482829,True
/aruco_detection,1722476148493366636,True
/aruco_detection,1722476148518269290,False
/aruco_detection,1722476148543199751,False
/aruco_detection,1722476148568243011,True
/aruco_detection,1722476148593382237,False
/aruco_detection,1722476148619494789,True
/aruco_detection,1722476148645382609,True
/aruco_detection,1722476148670231408,True
/aruco_detection,1722476148693656873,True
/aruco_detection,1722476148718810082,True
/aruco_detection,1722476148744438771,True
/aruco_detection,1722476148767929355,False
/aruco_detection,1722476148793767512,True
/aruco_detection,1722476148818869171,True
/aruco_detection,1722476148843587828,True
/aruco_detection,1722476148869959896,True
/aruco_detection,1722476148893578157,True
/aruco_detection,1722476148918512490,True
/aruco_detection,1722476148942742324,True
/aruco_detection,1722476148970110342,True
/aruco_detection,1722476148993550494,True
/aruco_detection,1722476149018405278,True
/aruco_detection,1722476149043623736,True
/aruco_detection,1722476149068687860,True
/aruco_detection,1722476149092766082,True
/aruco_detection,1722476149118223576,True
/aruco_detection,1722476149145534956,False
/aruco_detection,1722476149169724984,True
/aruco_detection,1722476149194697590,True
/aruco_detection,1722476149220318152,True
/aruco_detection,1722476149244452854,True
/aruco_detection,1722476149270297444,True
/aruco_detection,1722476149294093975,True
/aruco_detection,1722476149319544813,True
/aruco_detection,1722476149343330720,True
/aruco_detection,1722476149369030385,True
/aruco_detection,1722476149394188268,True
/aruco_detection,1722476149419418406,True
/aruco_detection,1722476149445713772,True
/aruco_detection,1722476149469693276,True
/aruco_detection,1722476149494141347,True
/aruco_detection,1722476149519488987,True
/aruco_detection,1722476149546579091,True
/aruco_detection,1722476149569746577,True
/aruco_detection,1722476149594983115,True
/aruco_detection,1722476149619034009,True
/aruco_detection,1722476149644061654,True
/aruco_detection,1722476149669516492,True
/aruco_detection,1722476149693532667,True
/aruco_detection,1722476149718883378,True
/aruco_detection,1722476149743368921,True
/aruco_detection,1722476149769178088,True
/aruco_detection,1722476149793838764,True
/aruco_detection,1722476149817619488,True
/aruco_detection,1722476149844224640,True
/aruco_detection,1722476149868308686,True
/aruco_detection,1722476149893386603,True
/aruco_detection,1722476149917862258,True
/aruco_detection,1722476149943226089,False
/aruco_detection,1722476149970206403,True
/aruco_detection,1722476149993083302,True
/aruco_detection,1722476150019070963,True
/aruco_detection,1722476150044516170,True
/aruco_detection,1722476150068867413,True
/aruco_detection,1722476150093249151,True
/aruco_detection,1722476150118930641,True
/aruco_detection,1722476150143534903,True
/aruco_detection,1722476150168623797,True
/aruco_detection,1722476150194415141,True
/aruco_detection,1722476150219392709,True
/aruco_detection,1722476150243240792,True
/aruco_detection,1722476150268554257,True
/aruco_detection,1722476150293882794,True
/aruco_detection,1722476150319570621,True
/aruco_detection,1722476150344051173,True
/aruco_detection,1722476150369056836,True
/aruco_detection,1722476150394316254,True
/aruco_detection,1722476150419044770,True
/aruco_detection,1722476150445675428,True
/aruco_detection,1722476150468262958,True
/aruco_detection,1722476150494207164,True
/aruco_detection,1722476150518487528,True
/aruco_detection,1722476150544449685,True
/aruco_detection,1722476150568158603,True
/aruco_detection,1722476150593676993,True
/aruco_detection,1722476150618329222,True
/aruco_detection,1722476150644290100,True
/aruco_detection,1722476150669268467,True
/aruco_detection,1722476150692785165,True
/aruco_detection,1722476150720447420,True
/aruco_detection,1722476150746403945,True
/aruco_detection,1722476150769867460,True
/aruco_detection,1722476150793166625,True
/aruco_detection,1722476150818795349,True
/aruco_detection,1722476150844826145,True
/aruco_detection,1722476150869253739,True
/aruco_detection,1722476150893471576,True
/aruco_detection,1722476150917938592,True
/aruco_detection,1722476150942815425,True
/aruco_detection,1722476150968134810,True
/aruco_detection,1722476150994035657,True
/aruco_detection,1722476151018801965,True
/aruco_detection,1722476151045784426,True
/aruco_detection,1722476151069615999,True
/aruco_detection,1722476151094030569,True
/aruco_detection,1722476151119780028,True
/aruco_detection,1722476151144698654,True
/aruco_detection,1722476151169302437,True
/aruco_detection,1722476151194482978,True
/aruco_detection,1722476151218116315,True
/aruco_detection,1722476151244285958,True
/aruco_detection,1722476151271094502,True
/aruco_detection,1722476151293466261,True
/aruco_detection,1722476151319867580,True
/aruco_detection,1722476151347285201,True
/aruco_detection,1722476151368654163,True
/aruco_detection,1722476151394345990,True
/aruco_detection,1722476151419480964,True
/aruco_detection,1722476151444055180,True
/aruco_detection,1722476151468915119,True
/aruco_detection,1722476151493470007,True
/aruco_detection,1722476151518507414,True
/aruco_detection,1722476151543781426,True
/aruco_detection,1722476151569375847,True
/aruco_detection,1722476151592942561,True
/aruco_detection,1722476151620151962,True
/aruco_detection,1722476151644406311,True
/aruco_detection,1722476151668817650,True
/aruco_detection,1722476151693599382,True
/aruco_detection,1722476151718024449,False
/aruco_detection,1722476151744640292,True
/aruco_detection,1722476151769148557,True
/aruco_detection,1722476151794217772,True
/aruco_detection,1722476151820296601,True
/aruco_detection,1722476151844808834,True
/aruco_detection,1722476151868813364,True
/aruco_detection,1722476151894136910,True
/aruco_detection,1722476151918650455,True
/aruco_detection,1722476151945253275,True
/aruco_detection,1722476151968789237,True
/aruco_detection,1722476151993774518,True
/aruco_detection,1722476152019289229,True
/aruco_detection,1722476152045300157,True
/aruco_detection,1722476152069280880,True
/aruco_detection,1722476152094556877,True
/aruco_detection,1722476152118679294,False
/aruco_detection,1722476152144225046,True
/aruco_detection,1722476152167168476,False
/aruco_detection,1722476152194342550,False
/aruco_detection,1722476152218065487,False
/aruco_detection,1722476152243476617,False
/aruco_detection,1722476152269671445,False
/aruco_detection,1722476152292373759,False
/aruco_detection,1722476152318595339,False
/aruco_detection,1722476152343166292,False
/aruco_detection,1722476152368238388,False
/aruco_detection,1722476152392210600,False
/aruco_detection,1722476152420493295,False
/aruco_detection,1722476152442103181,False
/aruco_detection,1722476152468110972,False
/aruco_detection,1722476152493392504,False
/aruco_detection,1722476152518571543,False
/aruco_detection,1722476152544111950,False
/aruco_detection,1722476152567499533,False
/aruco_detection,1722476152592998885,False
/aruco_detection,1722476152620442331,False
/aruco_detection,1722476152643183973,False
/aruco_detection,1722476152668406082,False
/aruco_detection,1722476152692586866,False
/aruco_detection,1722476152718102858,False
/aruco_detection,1722476152745160263,False
/aruco_detection,1722476152767553847,False
/aruco_detection,1722476152792833332,False
/aruco_detection,1722476152818330732,False
/aruco_detection,1722476152842537596,False
/aruco_detection,1722476152868128787,False
/aruco_detection,1722476152893827239,False
/aruco_detection,1722476152918772074,False
/aruco_detection,1722476152944827896,True
/aruco_detection,1722476152967966331,True
/aruco_detection,1722476152994041321,True
/aruco_detection,1722476153018952109,True
/aruco_detection,1722476153044185900,True
/aruco_detection,1722476153069539272,True
/aruco_detection,1722476153093714265,True
/aruco_detection,1722476153118096999,True
/aruco_detection,1722476153146123828,True
/aruco_detection,1722476153168349192,True
/aruco_detection,1722476153193427785,True
/aruco_detection,1722476153219262717,True
/aruco_detection,1722476153245518217,True
/aruco_detection,1722476153268151766,True
/aruco_detection,1722476153293883243,True
/aruco_detection,1722476153318450070,True
/aruco_detection,1722476153344058061,True
/aruco_detection,1722476153367715464,False
/aruco_detection,1722476153393834647,True
/aruco_detection,1722476153418816218,True
/aruco_detection,1722476153444616526,True
/aruco_detection,1722476153470178343,True
/aruco_detection,1722476153494567732,True
/aruco_detection,1722476153519016961,True
/aruco_detection,1722476153545166351,True
/aruco_detection,1722476153568598445,True
/aruco_detection,1722476153594589662,True
/aruco_detection,1722476153621162629,True
/aruco_detection,1722476153645419541,True
/aruco_detection,1722476153669969471,True
/aruco_detection,1722476153693999091,True
/aruco_detection,1722476153718126054,True
/aruco_detection,1722476153746044084,True
/aruco_detection,1722476153772107364,True
/aruco_detection,1722476153793178893,True
/aruco_detection,1722476153819037888,True
/aruco_detection,1722476153844801749,True
/aruco_detection,1722476153869641402,True
/aruco_detection,1722476153893370164,True
/aruco_detection,1722476153919738142,True
/aruco_detection,1722476153943829297,True
/aruco_detection,1722476153969649989,True
/aruco_detection,1722476153993705144,True
/aruco_detection,1722476154018031464,True
/aruco_detection,1722476154045369186,True
/aruco_detection,1722476154068944223,True
/aruco_detection,1722476154092855862,True
/aruco_detection,1722476154118363409,True
/aruco_detection,1722476154143568242,True
/aruco_detection,1722476154171543969,True
/aruco_detection,1722476154193030019,True
/aruco_detection,1722476154219166291,True
/aruco_detection,1722476154244587119,True
/aruco_detection,1722476154269106428,True
/aruco_detection,1722476154293849220,True
/aruco_detection,1722476154319522012,True
/aruco_detection,1722476154343693423,True
/aruco_detection,1722476154368222043,True
/aruco_detection,1722476154395337946,True
/aruco_detection,1722476154423187499,True
/aruco_detection,1722476154446720489,True
/aruco_detection,1722476154470847900,True
/aruco_detection,1722476154492897717,True
/aruco_detection,1722476154518838952,True
/aruco_detection,1722476154544397986,True
/aruco_detection,1722476154569228329,True
/aruco_detection,1722476154594965504,True
/aruco_detection,1722476154619218225,True
/aruco_detection,1722476154646062260,True
/aruco_detection,1722476154668692066,True
/aruco_detection,1722476154692761783,True
/aruco_detection,1722476154720387628,True
/aruco_detection,1722476154745589836,True
/aruco_detection,1722476154768467350,True
/aruco_detection,1722476154793597464,True
/aruco_detection,1722476154818032902,True
/aruco_detection,1722476154845667291,True
/aruco_detection,1722476154868911998,True
/aruco_detection,1722476154893259501,True
/aruco_detection,1722476154919033123,True
/aruco_detection,1722476154944308995,True
/aruco_detection,1722476154969869405,True
/aruco_detection,1722476154993712949,True
/aruco_detection,1722476155017641453,True
/aruco_detection,1722476155043786077,True
/aruco_detection,1722476155068174125,True
/aruco_detection,1722476155093208786,True
/aruco_detection,1722476155118312341,True
/aruco_detection,1722476155145422069,True
/aruco_detection,1722476155168495580,True
/aruco_detection,1722476155193389059,True
/aruco_detection,1722476155217953648,True
/aruco_detection,1722476155245711941,True
/aruco_detection,1722476155268558064,True
/aruco_detection,1722476155293776209,True
/aruco_detection,1722476155320622038,True
/aruco_detection,1722476155343947576,True
/aruco_detection,1722476155368794112,True
/aruco_detection,1722476155393619657,True
/aruco_detection,1722476155418495760,True
/aruco_detection,1722476155443989068,True
/aruco_detection,1722476155469869858,True
/aruco_detection,1722476155492623407,True
/aruco_detection,1722476155518595875,True
/aruco_detection,1722476155544524247,True
/aruco_detection,1722476155570002100,True
/aruco_detection,1722476155594244967,True
/aruco_detection,1722476155619671108,True
/aruco_detection,1722476155645092738,True
/aruco_detection,1722476155669966697,True
/aruco_detection,1722476155694119709,True
/aruco_detection,1722476155720577193,True
/aruco_detection,1722476155744923577,True
/aruco_detection,1722476155770654002,True
/aruco_detection,1722476155795185247,True
/aruco_detection,1722476155820607773,True
/aruco_detection,1722476155845590722,True
/aruco_detection,1722476155870931201,True
/aruco_detection,1722476155893981929,True
/aruco_detection,1722476155919421670,True
/aruco_detection,1722476155945535416,True
/aruco_detection,1722476155968562560,True
/aruco_detection,1722476155994492981,True
/aruco_detection,1722476156020539464,True
/aruco_detection,1722476156043713583,True
/aruco_detection,1722476156069030607,True
/aruco_detection,1722476156093694396,True
/aruco_detection,1722476156119158458,True
/aruco_detection,1722476156145349771,True
/aruco_detection,1722476156171231170,True
/aruco_detection,1722476156193821523,True
/aruco_detection,1722476156218756794,True
/aruco_detection,1722476156245883931,True
/aruco_detection,1722476156269200703,True
/aruco_detection,1722476156294102119,True
/aruco_detection,1722476156319299658,True
/aruco_detection,1722476156343959767,True
/aruco_detection,1722476156369741775,True
/aruco_detection,1722476156393421101,True
/aruco_detection,1722476156418610128,True
/aruco_detection,1722476156444079886,True
/aruco_detection,1722476156469212274,True
/aruco_detection,1722476156493054541,True
/aruco_detection,1722476156518996674,True
/aruco_detection,1722476156546301760,True
/aruco_detection,1722476156569448455,True
/aruco_detection,1722476156594625866,True
/aruco_detection,1722476156620128136,True
/aruco_detection,1722476156645265196,True
/aruco_detection,1722476156669445537,True
/aruco_detection,1722476156694040430,True
/aruco_detection,1722476156718901239,True
/aruco_detection,1722476156747459135,True
/aruco_detection,1722476156767626522,False
/aruco_detection,1722476156793254933,False
/aruco_detection,1722476156818977231,True
/aruco_detection,1722476156844489388,True
/aruco_detection,1722476156867853328,True
/aruco_detection,1722476156893759878,True
/aruco_detection,1722476156917657504,False
/aruco_detection,1722476156945419189,True
/aruco_detection,1722476156968182947,True
/aruco_detection,1722476156994696079,True
/aruco_detection,1722476157018929412,True
/aruco_detection,1722476157043227927,False
/aruco_detection,1722476157068170720,True
/aruco_detection,1722476157094213653,True
/aruco_detection,1722476157118419275,True
/aruco_detection,1722476157145555405,True
/aruco_detection,1722476157169175981,True
/aruco_detection,1722476157192786573,False
/aruco_detection,1722476157219259386,True
/aruco_detection,1722476157243660652,True
/aruco_detection,1722476157270012956,True
/aruco_detection,1722476157293388352,True
/aruco_detection,1722476157318505382,False
/aruco_detection,1722476157348852591,False
/aruco_detection,1722476157368150587,True
/aruco_detection,1722476157393441278,True
/aruco_detection,1722476157421269427,True
/aruco_detection,1722476157446834321,True
/aruco_detection,1722476157467906526,True
/aruco_detection,1722476157493218912,True
/aruco_detection,1722476157518128297,True
/aruco_detection,1722476157543618408,True
/aruco_detection,1722476157567855901,True
/aruco_detection,1722476157594342922,True
/aruco_detection,1722476157619361362,True
/aruco_detection,1722476157645318088,True
/aruco_detection,1722476157669489694,True
/aruco_detection,1722476157693598550,True
/aruco_detection,1722476157720151650,True
/aruco_detection,1722476157743902912,True
/aruco_detection,1722476157768893255,True
/aruco_detection,1722476157793192379,True
/aruco_detection,1722476157819472364,True
/aruco_detection,1722476157843509669,True
/aruco_detection,1722476157868592811,True
/aruco_detection,1722476157892828704,True
/aruco_detection,1722476157917316240,False
/aruco_detection,1722476157946110389,True
/aruco_detection,1722476157969470490,True
/aruco_detection,1722476157993808173,True
/aruco_detection,1722476158019091696,True
/aruco_detection,1722476158044106137,False
/aruco_detection,1722476158069737974,True
/aruco_detection,1722476158094022956,True
/aruco_detection,1722476158118279298,True
/aruco_detection,1722476158144426646,True
/aruco_detection,1722476158169746745,True
/aruco_detection,1722476158193653493,False
/aruco_detection,1722476158217929643,False
/aruco_detection,1722476158244010113,True
/aruco_detection,1722476158268964074,False
/aruco_detection,1722476158293601209,True
/aruco_detection,1722476158318267304,True
/aruco_detection,1722476158343174194,True
/aruco_detection,1722476158368489718,True
/aruco_detection,1722476158394184050,True
/aruco_detection,1722476158418593893,True
/aruco_detection,1722476158444929143,True
/aruco_detection,1722476158468595383,True
/aruco_detection,1722476158492941963,True
/aruco_detection,1722476158518620584,True
/aruco_detection,1722476158543763118,True
/aruco_detection,1722476158569253231,True
/aruco_detection,1722476158592982990,True
/aruco_detection,1722476158619230464,True
/aruco_detection,1722476158643716274,True
/aruco_detection,1722476158670038276,True
/aruco_detection,1722476158693840034,True
/aruco_detection,1722476158719312546,True
/aruco_detection,1722476158745452663,True
/aruco_detection,1722476158769875658,True
/aruco_detection,1722476158793906372,True
/aruco_detection,1722476158818957900,True
/aruco_detection,1722476158845597495,True
/aruco_detection,1722476158869418677,True
/aruco_detection,1722476158893431951,True
/aruco_detection,1722476158920232120,True
/aruco_detection,1722476158942997896,True
/aruco_detection,1722476158971518739,True
/aruco_detection,1722476158994463136,True
/aruco_detection,1722476159018170560,True
/aruco_detection,1722476159044562418,True
/aruco_detection,1722476159070371054,True
/aruco_detection,1722476159092561289,True
/aruco_detection,1722476159118860188,True
/aruco_detection,1722476159143110611,True
/aruco_detection,1722476159171012330,True
/aruco_detection,1722476159192945706,True
/aruco_detection,1722476159218135697,True
/aruco_detection,1722476159244078346,True
/aruco_detection,1722476159269287633,True
/aruco_detection,1722476159293011665,True
/aruco_detection,1722476159318621552,True
/aruco_detection,1722476159345161983,True
/aruco_detection,1722476159368334889,True
/aruco_detection,1722476159392951898,True
/aruco_detection,1722476159417754663,True
/aruco_detection,1722476159444484019,True
/aruco_detection,1722476159469255777,True
/aruco_detection,1722476159494607045,True
/aruco_detection,1722476159518487971,True
/aruco_detection,1722476159543491084,True
/aruco_detection,1722476159569893342,True
/aruco_detection,1722476159593181478,True
/aruco_detection,1722476159618903459,True
/aruco_detection,1722476159645660718,True
/aruco_detection,1722476159669206866,True
/aruco_detection,1722476159693554695,True
/aruco_detection,1722476159718707087,True
/aruco_detection,1722476159744526538,True
/aruco_detection,1722476159769966765,True
/aruco_detection,1722476159793237173,True
/aruco_detection,1722476159820339450,True
/aruco_detection,1722476159845060617,True
/aruco_detection,1722476159869809431,True
/aruco_detection,1722476159892983873,True
/aruco_detection,1722476159919523184,True
/aruco_detection,1722476159943648010,True
/aruco_detection,1722476159971114440,True
/aruco_detection,1722476159992945514,True
/aruco_detection,1722476160019017730,True
/aruco_detection,1722476160045431156,True
/aruco_detection,1722476160069243988,True
/aruco_detection,1722476160094106914,True
/aruco_detection,1722476160118355290,True
/aruco_detection,1722476160143860796,True
/aruco_detection,1722476160169935476,True
/aruco_detection,1722476160193449273,True
/aruco_detection,1722476160218714656,True
/aruco_detection,1722476160244790328,True
/aruco_detection,1722476160270985038,True
/aruco_detection,1722476160294239928,True
/aruco_detection,1722476160319440000,True
/aruco_detection,1722476160344367724,True
/aruco_detection,1722476160369380663,True
/aruco_detection,1722476160393938602,True
/aruco_detection,1722476160419407917,True
/aruco_detection,1722476160444384024,True
/aruco_detection,1722476160469091976,True
/aruco_detection,1722476160493805817,True
/aruco_detection,1722476160519851313,True
/aruco_detection,1722476160544543874,True
/aruco_detection,1722476160569947910,True
/aruco_detection,1722476160594871186,True
/aruco_detection,1722476160618815248,True
/aruco_detection,1722476160645863319,True
/aruco_detection,1722476160669731350,True
/aruco_detection,1722476160694438342,True
/aruco_detection,1722476160719178582,True
/aruco_detection,1722476160743524493,False
/aruco_detection,1722476160770659154,True
/aruco_detection,1722476160793145577,True
/aruco_detection,1722476160820169201,True
/aruco_detection,1722476160844358986,True
/aruco_detection,1722476160869035163,True
/aruco_detection,1722476160893646541,True
/aruco_detection,1722476160919859427,True
/aruco_detection,1722476160945328166,True
/aruco_detection,1722476160969901272,True
/aruco_detection,1722476160993364830,True
/aruco_detection,1722476161019175964,True
/aruco_detection,1722476161044163241,True
/aruco_detection,1722476161069728555,True
/aruco_detection,1722476161093921093,True
/aruco_detection,1722476161119450633,True
/aruco_detection,1722476161145657792,True
/aruco_detection,1722476161169381410,True
/aruco_detection,1722476161195132802,True
/aruco_detection,1722476161218905539,True
/aruco_detection,1722476161244668098,True
/aruco_detection,1722476161270062088,True
/aruco_detection,1722476161293845033,True
/aruco_detection,1722476161319121745,True
/aruco_detection,1722476161344662580,True
/aruco_detection,1722476161368939533,True
/aruco_detection,1722476161395992949,True
/aruco_detection,1722476161419735831,True
/aruco_detection,1722476161444553319,True
/aruco_detection,1722476161470248199,True
/aruco_detection,1722476161493643855,True
/aruco_detection,1722476161518822937,True
/aruco_detection,1722476161544494905,True
/aruco_detection,1722476161569170955,True
/aruco_detection,1722476161594631087,True
/aruco_detection,1722476161618474672,True
/aruco_detection,1722476161644630024,True
/aruco_detection,1722476161668740484,True
/aruco_detection,1722476161695210839,True
/aruco_detection,1722476161718764476,True
/aruco_detection,1722476161744576186,True
/aruco_detection,1722476161770625588,True
/aruco_detection,1722476161794312024,True
/aruco_detection,1722476161819770524,False
/aruco_detection,1722476161843433152,True
/aruco_detection,1722476161870231277,True
/aruco_detection,1722476161893647316,True
/aruco_detection,1722476161918796318,True
/aruco_detection,1722476161944897943,True
/aruco_detection,1722476161971800354,True
/aruco_detection,1722476161993377994,True
/aruco_detection,1722476162019085131,True
/aruco_detection,1722476162044834124,True
/aruco_detection,1722476162068301108,True
/aruco_detection,1722476162094930533,True
/aruco_detection,1722476162119095841,True
/aruco_detection,1722476162144687524,True
/aruco_detection,1722476162168739042,False
/aruco_detection,1722476162193603442,True
/aruco_detection,1722476162218067464,False
/aruco_detection,1722476162243593965,False
/aruco_detection,1722476162268978931,False
/aruco_detection,1722476162293890658,False
/aruco_detection,1722476162317373930,False
/aruco_detection,1722476162343714976,False
/aruco_detection,1722476162369057352,False
/aruco_detection,1722476162392811819,False
/aruco_detection,1722476162418663337,False
/aruco_detection,1722476162444485001,False
/aruco_detection,1722476162469221211,False
/aruco_detection,1722476162492939934,False
/aruco_detection,1722476162518112361,False
/aruco_detection,1722476162545046165,False
/aruco_detection,1722476162568434334,False
/aruco_detection,1722476162593649480,False
/aruco_detection,1722476162617441802,False
/aruco_detection,1722476162643808320,False
/aruco_detection,1722476162668978858,False
/aruco_detection,1722476162692568048,False
/aruco_detection,1722476162719059844,False
/aruco_detection,1722476162744651207,True
/aruco_detection,1722476162769628181,True
/aruco_detection,1722476162794111211,True
/aruco_detection,1722476162818634561,True
/aruco_detection,1722476162843873802,True
/aruco_detection,1722476162868903767,True
/aruco_detection,1722476162893805094,True
/aruco_detection,1722476162917241007,False
/aruco_detection,1722476162945186761,True
/aruco_detection,1722476162969084426,True
/aruco_detection,1722476162994099607,True
/aruco_detection,1722476163020027477,True
/aruco_detection,1722476163043302210,True
/aruco_detection,1722476163069400125,True
/aruco_detection,1722476163094670407,True
/aruco_detection,1722476163118266158,True
/aruco_detection,1722476163143276701,True
/aruco_detection,1722476163170108107,True
/aruco_detection,1722476163194028205,True
/aruco_detection,1722476163218432646,True
/aruco_detection,1722476163243729487,True
/aruco_detection,1722476163268554017,True
/aruco_detection,1722476163293743532,True
/aruco_detection,1722476163319112725,True
/aruco_detection,1722476163344256257,True
/aruco_detection,1722476163367554989,True
/aruco_detection,1722476163394067137,True
/aruco_detection,1722476163419275020,True
/aruco_detection,1722476163444421401,True
/aruco_detection,1722476163468301563,True
/aruco_detection,1722476163494241593,True
/aruco_detection,1722476163518654098,True
/aruco_detection,1722476163544599184,True
/aruco_detection,1722476163567588002,True
/aruco_detection,1722476163594393105,True
/aruco_detection,1722476163617841146,True
/aruco_detection,1722476163645427164,True
/aruco_detection,1722476163667634043,True
/aruco_detection,1722476163693610457,True
/aruco_detection,1722476163718715718,True
/aruco_detection,1722476163746220617,True
/aruco_detection,1722476163767610230,True
/aruco_detection,1722476163793944782,True
/aruco_detection,1722476163819780622,True
/aruco_detection,1722476163844020618,True
/aruco_detection,1722476163867910860,True
/aruco_detection,1722476163894023047,True
/aruco_detection,1722476163917734668,True
/aruco_detection,1722476163943784137,True
/aruco_detection,1722476163967810408,True
/aruco_detection,1722476163993427340,True
/aruco_detection,1722476164019287948,True
/aruco_detection,1722476164043882211,True
/aruco_detection,1722476164068111552,True
/aruco_detection,1722476164093638215,True
/aruco_detection,1722476164119233484,True
/aruco_detection,1722476164143794660,True
/aruco_detection,1722476164169510407,True
/aruco_detection,1722476164193430218,True
/aruco_detection,1722476164217911138,True
/aruco_detection,1722476164243828482,True
/aruco_detection,1722476164268158910,True
/aruco_detection,1722476164293828610,True
/aruco_detection,1722476164319646403,True
/aruco_detection,1722476164343965503,True
/aruco_detection,1722476164368909616,True
/aruco_detection,1722476164392692309,True
/aruco_detection,1722476164417961920,True
/aruco_detection,1722476164443094477,True
/aruco_detection,1722476164469519460,True
/aruco_detection,1722476164494383478,True
/aruco_detection,1722476164518400023,True
/aruco_detection,1722476164543318504,True
/aruco_detection,1722476164569707744,True
/aruco_detection,1722476164593075884,True
/aruco_detection,1722476164618119739,True
/aruco_detection,1722476164644564530,True
/aruco_detection,1722476164669018091,True
/aruco_detection,1722476164694316598,True
/aruco_detection,1722476164719112745,True
/aruco_detection,1722476164743980411,True
/aruco_detection,1722476164769833180,True
/aruco_detection,1722476164793298118,True
/aruco_detection,1722476164818272854,True
/aruco_detection,1722476164844288245,True
/aruco_detection,1722476164868443667,True
/aruco_detection,1722476164893202887,True
/aruco_detection,1722476164920974951,True
/aruco_detection,1722476164942986186,True
/aruco_detection,1722476164967955931,True
/aruco_detection,1722476164992776109,True
/aruco_detection,1722476165019591359,True
/aruco_detection,1722476165044088696,True
/aruco_detection,1722476165070301396,True
/aruco_detection,1722476165094014395,True
/aruco_detection,1722476165118724337,True
/aruco_detection,1722476165144152347,True
/aruco_detection,1722476165168834417,True
/aruco_detection,1722476165193255020,True
/aruco_detection,1722476165218733748,True
/aruco_detection,1722476165244383034,True
/aruco_detection,1722476165269391851,True
/aruco_detection,1722476165293729511,True
/aruco_detection,1722476165319785958,True
/aruco_detection,1722476165343892102,True
/aruco_detection,1722476165367980263,True
/aruco_detection,1722476165394812344,True
/aruco_detection,1722476165420650554,True
/aruco_detection,1722476165444412225,True
/aruco_detection,1722476165468446178,True
/aruco_detection,1722476165494314404,True
/aruco_detection,1722476165519141912,True
/aruco_detection,1722476165545261590,True
/aruco_detection,1722476165569171577,False
/aruco_detection,1722476165593280089,True
/aruco_detection,1722476165621765006,True
/aruco_detection,1722476165643977199,True
/aruco_detection,1722476165670058285,True
/aruco_detection,1722476165694298091,True
/aruco_detection,1722476165719326844,True
/aruco_detection,1722476165744407243,True
/aruco_detection,1722476165769925715,True
/aruco_detection,1722476165794481260,True
/aruco_detection,1722476165819363071,True
/aruco_detection,1722476165843350337,True
/aruco_detection,1722476165869881720,True
/aruco_detection,1722476165894261395,True
/aruco_detection,1722476165919071463,True
/aruco_detection,1722476165943126536,True
/aruco_detection,1722476165969430659,True
/aruco_detection,1722476165993733888,True
/aruco_detection,1722476166018777681,True
/aruco_detection,1722476166044882448,True
/aruco_detection,1722476166068994641,True
/aruco_detection,1722476166094298590,True
/aruco_detection,1722476166119500428,True
/aruco_detection,1722476166144516670,True
/aruco_detection,1722476166169429585,True
/aruco_detection,1722476166194235143,True
/aruco_detection,1722476166219387030,True
/aruco_detection,1722476166245044093,True
/aruco_detection,1722476166270936607,True
/aruco_detection,1722476166294401836,True
/aruco_detection,1722476166318447534,True
/aruco_detection,1722476166344615596,True
/aruco_detection,1722476166369305284,True
/aruco_detection,1722476166394043578,True
/aruco_detection,1722476166418068573,True
/aruco_detection,1722476166444745010,True
/aruco_detection,1722476166468405563,True
/aruco_detection,1722476166494422843,True
/aruco_detection,1722476166518961301,True
/aruco_detection,1722476166544755706,True
/aruco_detection,1722476166570637789,True
/aruco_detection,1722476166595019545,True
/aruco_detection,1722476166619078683,True
/aruco_detection,1722476166644815585,True
/aruco_detection,1722476166668738949,True
/aruco_detection,1722476166693748951,False
/aruco_detection,1722476166718858503,True
/aruco_detection,1722476166744410672,True
/aruco_detection,1722476166769442529,False
/aruco_detection,1722476166794992074,True
/aruco_detection,1722476166817727555,False
/aruco_detection,1722476166844350041,False
/aruco_detection,1722476166869462153,True
/aruco_detection,1722476166894603480,True
/aruco_detection,1722476166917598029,False
/aruco_detection,1722476166943840298,True
/aruco_detection,1722476166970549886,True
/aruco_detection,1722476166994059722,True
/aruco_detection,1722476167018496102,True
/aruco_detection,1722476167045653172,True
/aruco_detection,1722476167069933716,True
/aruco_detection,1722476167093654365,False
/aruco_detection,1722476167118334133,True
/aruco_detection,1722476167144347863,True
/aruco_detection,1722476167169770275,True
/aruco_detection,1722476167194265599,True
/aruco_detection,1722476167218357729,True
/aruco_detection,1722476167243637136,True
/aruco_detection,1722476167268566852,True
/aruco_detection,1722476167293040544,False
/aruco_detection,1722476167319311742,True
/aruco_detection,1722476167343720539,True
/aruco_detection,1722476167369755132,True
/aruco_detection,1722476167394018556,True
/aruco_detection,1722476167418030624,True
/aruco_detection,1722476167444428123,True
/aruco_detection,1722476167467565582,False
/aruco_detection,1722476167493272181,True
/aruco_detection,1722476167519127674,True
/aruco_detection,1722476167544388456,True
/aruco_detection,1722476167568916356,True
/aruco_detection,1722476167593353120,True
/aruco_detection,1722476167618690766,True
/aruco_detection,1722476167643472676,False
/aruco_detection,1722476167668335354,True
/aruco_detection,1722476167694069184,True
/aruco_detection,1722476167718283169,True
/aruco_detection,1722476167743351379,True
/aruco_detection,1722476167767907470,False
/aruco_detection,1722476167793100158,False
/aruco_detection,1722476167819230973,True
/aruco_detection,1722476167846124016,True
/aruco_detection,1722476167868335219,True
/aruco_detection,1722476167893592226,True
